ID,stress_score
TEST_0000,0.7287056
TEST_0001,0.90717
TEST_0002,0.15193743
TEST_0003,0.4548567
TEST_0004,0.5209489
TEST_0005,0.5617966
TEST_0006,0.69963616
TEST_0007,0.45772687
TEST_0008,0.5721396
TEST_0009,0.81912774
TEST_0010,0.8964654
TEST_0011,0.17717381
TEST_0012,0.6690268
TEST_0013,0.84604895
TEST_0014,0.5358243
TEST_0015,0.6087996
TEST_0016,0.5792797
TEST_0017,0.31942806
TEST_0018,0.37196738
TEST_0019,0.74951947
TEST_0020,0.39428565
TEST_0021,0.53940094
TEST_0022,0.48161876
TEST_0023,0.69714236
TEST_0024,0.4868945
TEST_0025,0.56206316
TEST_0026,0.66968155
TEST_0027,0.4431488
TEST_0028,0.60087436
TEST_0029,0.5189999
TEST_0030,0.4683081
TEST_0031,0.69743234
TEST_0032,0.2887048
TEST_0033,0.6350809
TEST_0034,0.68829894
TEST_0035,0.6648378
TEST_0036,0.6228904
TEST_0037,0.36962408
TEST_0038,0.5071575
TEST_0039,0.43067843
TEST_0040,0.43635058
TEST_0041,0.46185642
TEST_0042,0.7031746
TEST_0043,0.44379517
TEST_0044,0.41686273
TEST_0045,0.54785293
TEST_0046,0.5129849
TEST_0047,0.47581056
TEST_0048,0.26590836
TEST_0049,0.5994349
TEST_0050,0.6306533
TEST_0051,0.8110984
TEST_0052,0.7413676
TEST_0053,0.60746455
TEST_0054,0.39444974
TEST_0055,0.5308096
TEST_0056,0.30346528
TEST_0057,0.39846584
TEST_0058,0.29876548
TEST_0059,0.67945534
TEST_0060,0.72485715
TEST_0061,0.5432589
TEST_0062,0.4198428
TEST_0063,0.76665205
TEST_0064,0.5890118
TEST_0065,0.33176598
TEST_0066,0.4390962
TEST_0067,0.45693612
TEST_0068,0.421503
TEST_0069,0.6854995
TEST_0070,0.47598022
TEST_0071,0.46802205
TEST_0072,0.30458716
TEST_0073,0.6391492
TEST_0074,0.51008743
TEST_0075,0.24384381
TEST_0076,0.30300835
TEST_0077,0.35445562
TEST_0078,0.5617901
TEST_0079,0.51135296
TEST_0080,0.47673517
TEST_0081,0.36427283
TEST_0082,0.5748219
TEST_0083,0.5149344
TEST_0084,0.25244346
TEST_0085,0.47232556
TEST_0086,0.40075058
TEST_0087,0.9367806
TEST_0088,0.3620371
TEST_0089,0.66657126
TEST_0090,0.43211886
TEST_0091,0.6550298
TEST_0092,0.8802312
TEST_0093,0.22919193
TEST_0094,0.46073523
TEST_0095,0.5011726
TEST_0096,0.34330732
TEST_0097,0.68392336
TEST_0098,-0.026065566
TEST_0099,0.4835391
TEST_0100,0.48431575
TEST_0101,0.45647037
TEST_0102,0.62602407
TEST_0103,0.76404285
TEST_0104,0.45743427
TEST_0105,0.7719794
TEST_0106,0.46660715
TEST_0107,0.42061073
TEST_0108,0.5714726
TEST_0109,0.32720292
TEST_0110,0.6835148
TEST_0111,0.3328612
TEST_0112,0.42151326
TEST_0113,0.6227223
TEST_0114,0.5283009
TEST_0115,0.44592097
TEST_0116,0.4151058
TEST_0117,0.31037346
TEST_0118,0.7670384
TEST_0119,0.63685757
TEST_0120,0.4696353
TEST_0121,0.19817618
TEST_0122,0.50382525
TEST_0123,0.48843378
TEST_0124,0.36990878
TEST_0125,0.7333061
TEST_0126,0.5709261
TEST_0127,0.50685465
TEST_0128,0.69472706
TEST_0129,0.56069803
TEST_0130,0.4574673
TEST_0131,0.7032712
TEST_0132,0.8156203
TEST_0133,0.5073975
TEST_0134,0.7634932
TEST_0135,0.59730947
TEST_0136,0.19764173
TEST_0137,0.81125003
TEST_0138,0.13256198
TEST_0139,0.28177905
TEST_0140,0.3791366
TEST_0141,0.65039384
TEST_0142,0.5732702
TEST_0143,0.47733757
TEST_0144,0.61317205
TEST_0145,0.56109464
TEST_0146,0.7188471
TEST_0147,0.35242745
TEST_0148,0.20575742
TEST_0149,0.51260257
TEST_0150,0.49080914
TEST_0151,0.46236467
TEST_0152,0.42374095
TEST_0153,0.17766015
TEST_0154,0.4663417
TEST_0155,0.39605826
TEST_0156,0.307287
TEST_0157,0.7444242
TEST_0158,0.36061206
TEST_0159,0.28154087
TEST_0160,0.23866972
TEST_0161,0.22042713
TEST_0162,0.62864685
TEST_0163,0.7311896
TEST_0164,0.5709357
TEST_0165,0.6773721
TEST_0166,0.6054304
TEST_0167,0.67467844
TEST_0168,0.32589516
TEST_0169,0.39480737
TEST_0170,0.66152555
TEST_0171,0.81862116
TEST_0172,0.66307217
TEST_0173,0.6050645
TEST_0174,0.49106392
TEST_0175,0.44394094
TEST_0176,0.51236176
TEST_0177,0.78817207
TEST_0178,0.38294673
TEST_0179,0.8243165
TEST_0180,0.124897674
TEST_0181,0.40633348
TEST_0182,0.42537546
TEST_0183,0.52088547
TEST_0184,0.43424138
TEST_0185,0.050602775
TEST_0186,0.53616273
TEST_0187,0.13500652
TEST_0188,0.40492666
TEST_0189,0.5847259
TEST_0190,0.4846502
TEST_0191,0.29310435
TEST_0192,0.31148788
TEST_0193,0.39736038
TEST_0194,0.49621025
TEST_0195,0.2836485
TEST_0196,0.5087674
TEST_0197,0.21799895
TEST_0198,0.42945963
TEST_0199,0.458225
TEST_0200,0.43520176
TEST_0201,0.6384679
TEST_0202,0.4241234
TEST_0203,0.18948218
TEST_0204,0.40431577
TEST_0205,0.5428985
TEST_0206,0.37468168
TEST_0207,0.41458967
TEST_0208,0.74193424
TEST_0209,0.38127592
TEST_0210,0.41104874
TEST_0211,0.6499205
TEST_0212,0.6344885
TEST_0213,0.63664675
TEST_0214,0.82125354
TEST_0215,0.5191709
TEST_0216,0.5186679
TEST_0217,0.24803668
TEST_0218,0.3707917
TEST_0219,0.6758647
TEST_0220,0.330522
TEST_0221,0.61410296
TEST_0222,0.34763575
TEST_0223,0.61621636
TEST_0224,0.57222474
TEST_0225,0.4153822
TEST_0226,0.4660883
TEST_0227,0.58732
TEST_0228,0.6279781
TEST_0229,0.28968143
TEST_0230,0.58733916
TEST_0231,0.5849119
TEST_0232,0.79718775
TEST_0233,0.53241
TEST_0234,0.49975866
TEST_0235,0.8686099
TEST_0236,0.5154756
TEST_0237,0.39455202
TEST_0238,0.45930487
TEST_0239,0.6449662
TEST_0240,0.28267786
TEST_0241,0.8763675
TEST_0242,0.524156
TEST_0243,0.61428416
TEST_0244,0.51929706
TEST_0245,0.8648867
TEST_0246,0.24853459
TEST_0247,0.41822663
TEST_0248,0.45885244
TEST_0249,0.5586714
TEST_0250,0.26402128
TEST_0251,0.47740877
TEST_0252,0.5620018
TEST_0253,0.40074822
TEST_0254,0.32870018
TEST_0255,0.45633924
TEST_0256,0.27733457
TEST_0257,0.6047678
TEST_0258,0.45408538
TEST_0259,0.2063242
TEST_0260,0.37091622
TEST_0261,0.5738501
TEST_0262,0.44932508
TEST_0263,0.8145451
TEST_0264,0.30986205
TEST_0265,0.28471053
TEST_0266,0.27007174
TEST_0267,0.5335904
TEST_0268,0.05779953
TEST_0269,0.57839006
TEST_0270,0.48068088
TEST_0271,0.5147582
TEST_0272,0.61866355
TEST_0273,0.6166654
TEST_0274,0.6319105
TEST_0275,0.3574526
TEST_0276,0.6153554
TEST_0277,0.5627107
TEST_0278,0.45123407
TEST_0279,0.58471394
TEST_0280,0.55643636
TEST_0281,0.3765418
TEST_0282,0.29854265
TEST_0283,0.44835111
TEST_0284,0.50153893
TEST_0285,0.49739647
TEST_0286,0.99020636
TEST_0287,0.4932262
TEST_0288,0.33836067
TEST_0289,0.62916696
TEST_0290,0.7762175
TEST_0291,0.52392733
TEST_0292,0.6211403
TEST_0293,0.5368474
TEST_0294,0.56884205
TEST_0295,0.48386267
TEST_0296,0.11695755
TEST_0297,0.4938918
TEST_0298,0.4779219
TEST_0299,0.41330743
TEST_0300,0.67333513
TEST_0301,0.74058056
TEST_0302,0.44577298
TEST_0303,0.16964868
TEST_0304,0.4759634
TEST_0305,0.14897229
TEST_0306,0.6504066
TEST_0307,0.4871192
TEST_0308,0.4627592
TEST_0309,0.3087458
TEST_0310,0.5119012
TEST_0311,0.09435287
TEST_0312,0.8481992
TEST_0313,0.42249954
TEST_0314,0.9606209
TEST_0315,0.5156358
TEST_0316,0.22356552
TEST_0317,0.48013985
TEST_0318,0.69101465
TEST_0319,0.9046193
TEST_0320,0.5408974
TEST_0321,0.26327085
TEST_0322,0.54767334
TEST_0323,0.626872
TEST_0324,0.70308965
TEST_0325,0.30951184
TEST_0326,0.50883746
TEST_0327,0.26878276
TEST_0328,0.70404387
TEST_0329,0.458014
TEST_0330,0.79299957
TEST_0331,0.518645
TEST_0332,0.42042562
TEST_0333,0.44203603
TEST_0334,0.6103636
TEST_0335,0.48737568
TEST_0336,0.65663487
TEST_0337,0.36927703
TEST_0338,0.92489
TEST_0339,0.6437758
TEST_0340,0.5023594
TEST_0341,0.40304756
TEST_0342,0.485349
TEST_0343,0.3772683
TEST_0344,0.11965596
TEST_0345,0.807495
TEST_0346,0.4916138
TEST_0347,0.6658479
TEST_0348,0.2810009
TEST_0349,0.7131122
TEST_0350,0.60978997
TEST_0351,0.70832366
TEST_0352,0.5242965
TEST_0353,0.47301957
TEST_0354,0.439414
TEST_0355,0.7834704
TEST_0356,0.6614016
TEST_0357,0.65630674
TEST_0358,0.36296418
TEST_0359,0.22834438
TEST_0360,0.55133086
TEST_0361,0.8723109
TEST_0362,0.6425667
TEST_0363,0.4511518
TEST_0364,0.31694975
TEST_0365,0.2286245
TEST_0366,0.5246477
TEST_0367,0.50200826
TEST_0368,0.42574057
TEST_0369,0.6703411
TEST_0370,0.4272301
TEST_0371,0.32934657
TEST_0372,0.41200277
TEST_0373,0.3621294
TEST_0374,0.5499578
TEST_0375,0.4916344
TEST_0376,0.47378585
TEST_0377,0.4396976
TEST_0378,0.6540141
TEST_0379,0.46920586
TEST_0380,0.55051005
TEST_0381,0.2870792
TEST_0382,0.12150478
TEST_0383,0.7473066
TEST_0384,0.23250465
TEST_0385,0.37196738
TEST_0386,0.5033839
TEST_0387,0.57031393
TEST_0388,0.41302472
TEST_0389,0.6259243
TEST_0390,0.45118484
TEST_0391,0.32670268
TEST_0392,0.19624358
TEST_0393,0.3086528
TEST_0394,0.019890716
TEST_0395,0.50815254
TEST_0396,0.3142672
TEST_0397,0.4172333
TEST_0398,0.15942128
TEST_0399,0.5761734
TEST_0400,0.5513174
TEST_0401,0.70265514
TEST_0402,0.40587112
TEST_0403,0.38208732
TEST_0404,0.7437885
TEST_0405,0.36103824
TEST_0406,0.40644214
TEST_0407,0.2871807
TEST_0408,0.6758184
TEST_0409,0.7161429
TEST_0410,0.27975205
TEST_0411,0.7543837
TEST_0412,0.37368026
TEST_0413,0.31033364
TEST_0414,0.6143961
TEST_0415,0.24652416
TEST_0416,0.74394864
TEST_0417,0.4779417
TEST_0418,0.22531538
TEST_0419,0.7675938
TEST_0420,0.28530926
TEST_0421,0.7059561
TEST_0422,0.53164935
TEST_0423,0.5465653
TEST_0424,0.31470382
TEST_0425,0.47597396
TEST_0426,0.72830766
TEST_0427,0.4540767
TEST_0428,0.33428267
TEST_0429,0.65451294
TEST_0430,0.06979161
TEST_0431,0.4844346
TEST_0432,0.28871635
TEST_0433,0.69118685
TEST_0434,0.59415925
TEST_0435,0.5639315
TEST_0436,0.37885562
TEST_0437,0.2773857
TEST_0438,0.4629253
TEST_0439,0.04369639
TEST_0440,0.5479402
TEST_0441,0.46168604
TEST_0442,0.4702762
TEST_0443,0.82054424
TEST_0444,0.5380583
TEST_0445,0.281306
TEST_0446,0.6066876
TEST_0447,0.59153277
TEST_0448,0.09115811
TEST_0449,0.47195777
TEST_0450,0.578531
TEST_0451,0.28441298
TEST_0452,0.5980411
TEST_0453,0.8080438
TEST_0454,0.6571899
TEST_0455,0.47550562
TEST_0456,0.83180445
TEST_0457,0.2628634
TEST_0458,0.45885244
TEST_0459,0.47521037
TEST_0460,0.74642044
TEST_0461,0.37481794
TEST_0462,0.40359202
TEST_0463,0.6185915
TEST_0464,0.34647974
TEST_0465,0.73149633
TEST_0466,0.94468343
TEST_0467,0.7152011
TEST_0468,0.35074332
TEST_0469,0.5310331
TEST_0470,0.61409205
TEST_0471,0.5710187
TEST_0472,0.46267146
TEST_0473,0.55527955
TEST_0474,0.5958107
TEST_0475,0.5079361
TEST_0476,0.6575448
TEST_0477,0.4365758
TEST_0478,0.16962713
TEST_0479,0.39149964
TEST_0480,0.58737224
TEST_0481,0.45511252
TEST_0482,0.29502884
TEST_0483,0.47705618
TEST_0484,0.21466227
TEST_0485,0.7963583
TEST_0486,0.366557
TEST_0487,0.31735474
TEST_0488,0.6739019
TEST_0489,0.43571922
TEST_0490,0.78583086
TEST_0491,0.21942845
TEST_0492,0.5271159
TEST_0493,0.33930442
TEST_0494,0.50703806
TEST_0495,0.50457144
TEST_0496,0.4450024
TEST_0497,0.38208732
TEST_0498,0.9858564
TEST_0499,0.24894993
TEST_0500,0.34689566
TEST_0501,0.7619295
TEST_0502,0.54313946
TEST_0503,0.4477871
TEST_0504,0.61598516
TEST_0505,0.34270906
TEST_0506,0.8258835
TEST_0507,0.4393212
TEST_0508,0.7014534
TEST_0509,0.2974896
TEST_0510,0.6078608
TEST_0511,0.32425192
TEST_0512,0.60279214
TEST_0513,0.6050645
TEST_0514,0.38126454
TEST_0515,0.49401057
TEST_0516,0.5999138
TEST_0517,0.10497238
TEST_0518,0.53987277
TEST_0519,0.24150662
TEST_0520,0.36409208
TEST_0521,0.2787678
TEST_0522,0.5261825
TEST_0523,0.6484229
TEST_0524,0.21033151
TEST_0525,0.2994099
TEST_0526,0.13514808
TEST_0527,0.38212496
TEST_0528,0.46101615
TEST_0529,0.46683913
TEST_0530,0.666016
TEST_0531,0.43612286
TEST_0532,0.23500304
TEST_0533,0.65337247
TEST_0534,0.6235698
TEST_0535,0.32528827
TEST_0536,0.6945746
TEST_0537,0.18392208
TEST_0538,0.2717969
TEST_0539,0.564749
TEST_0540,0.8774754
TEST_0541,0.7280301
TEST_0542,0.329157
TEST_0543,0.45092186
TEST_0544,0.18272656
TEST_0545,0.47396982
TEST_0546,0.2504596
TEST_0547,0.594146
TEST_0548,0.43591142
TEST_0549,0.57873607
TEST_0550,0.29439646
TEST_0551,0.20428108
TEST_0552,0.14467417
TEST_0553,0.4987285
TEST_0554,0.39553797
TEST_0555,0.39726767
TEST_0556,0.32516944
TEST_0557,0.26295134
TEST_0558,0.662117
TEST_0559,0.49818575
TEST_0560,0.8080438
TEST_0561,0.47338447
TEST_0562,0.29323092
TEST_0563,0.50961494
TEST_0564,0.5387932
TEST_0565,0.46932524
TEST_0566,0.33784205
TEST_0567,0.2881974
TEST_0568,0.5142143
TEST_0569,0.23502253
TEST_0570,0.69585794
TEST_0571,0.49768233
TEST_0572,0.34472978
TEST_0573,0.733491
TEST_0574,0.24665153
TEST_0575,0.3503898
TEST_0576,0.8734976
TEST_0577,0.21575709
TEST_0578,0.6269761
TEST_0579,0.6114182
TEST_0580,0.46020535
TEST_0581,0.7234039
TEST_0582,0.38938457
TEST_0583,0.24221475
TEST_0584,0.3760668
TEST_0585,0.52842474
TEST_0586,0.589343
TEST_0587,0.5486284
TEST_0588,0.42817894
TEST_0589,0.48654726
TEST_0590,0.60072225
TEST_0591,0.11971996
TEST_0592,0.4498359
TEST_0593,0.36106429
TEST_0594,0.5443727
TEST_0595,0.8633543
TEST_0596,0.5690057
TEST_0597,0.511866
TEST_0598,0.41458967
TEST_0599,0.5265187
TEST_0600,0.23744719
TEST_0601,0.5779703
TEST_0602,0.37953532
TEST_0603,0.22409375
TEST_0604,0.7284134
TEST_0605,0.36465496
TEST_0606,0.5455558
TEST_0607,0.6328535
TEST_0608,0.51111716
TEST_0609,0.6774877
TEST_0610,0.26549983
TEST_0611,0.2982445
TEST_0612,0.7033571
TEST_0613,0.27860948
TEST_0614,0.44326037
TEST_0615,0.60462755
TEST_0616,0.2687816
TEST_0617,0.8798858
TEST_0618,0.49581304
TEST_0619,0.99020636
TEST_0620,0.7612001
TEST_0621,0.38788974
TEST_0622,0.42801398
TEST_0623,0.7411615
TEST_0624,0.54881173
TEST_0625,0.35073665
TEST_0626,0.26219112
TEST_0627,0.22196181
TEST_0628,0.33307683
TEST_0629,0.43402284
TEST_0630,0.58589524
TEST_0631,0.4976526
TEST_0632,0.7111296
TEST_0633,0.21441849
TEST_0634,0.43054867
TEST_0635,0.5947997
TEST_0636,0.6339209
TEST_0637,0.4075334
TEST_0638,0.54741746
TEST_0639,0.76478636
TEST_0640,0.46571267
TEST_0641,0.756171
TEST_0642,0.40748858
TEST_0643,0.41581672
TEST_0644,0.47620782
TEST_0645,0.6272748
TEST_0646,0.39389464
TEST_0647,0.5650896
TEST_0648,0.44994375
TEST_0649,0.5400605
TEST_0650,0.16714682
TEST_0651,0.616789
TEST_0652,0.4475984
TEST_0653,0.43750283
TEST_0654,0.4278924
TEST_0655,0.45417798
TEST_0656,0.5457091
TEST_0657,0.58610725
TEST_0658,0.3177857
TEST_0659,0.616789
TEST_0660,0.5262963
TEST_0661,0.38472432
TEST_0662,0.54447156
TEST_0663,0.6443506
TEST_0664,0.8752538
TEST_0665,0.5014905
TEST_0666,0.41148746
TEST_0667,0.38765767
TEST_0668,0.5959364
TEST_0669,0.44959638
TEST_0670,0.2622513
TEST_0671,0.33762723
TEST_0672,0.38104713
TEST_0673,0.46355677
TEST_0674,0.4501907
TEST_0675,0.61758643
TEST_0676,0.6610045
TEST_0677,0.71810246
TEST_0678,0.60177785
TEST_0679,0.1939849
TEST_0680,0.59512603
TEST_0681,0.7858876
TEST_0682,0.7189985
TEST_0683,0.4549359
TEST_0684,0.59201944
TEST_0685,0.36012453
TEST_0686,0.54145443
TEST_0687,0.6090467
TEST_0688,0.15919437
TEST_0689,0.63194245
TEST_0690,0.51260257
TEST_0691,0.34952435
TEST_0692,0.46184823
TEST_0693,0.6374797
TEST_0694,0.6556508
TEST_0695,0.63282347
TEST_0696,0.36733618
TEST_0697,0.7204925
TEST_0698,0.25465968
TEST_0699,0.35296482
TEST_0700,0.4434659
TEST_0701,0.6015449
TEST_0702,0.7487731
TEST_0703,0.43201157
TEST_0704,0.38162097
TEST_0705,0.8390116
TEST_0706,0.824308
TEST_0707,0.43320668
TEST_0708,0.48006654
TEST_0709,0.3874452
TEST_0710,0.72774225
TEST_0711,0.44873512
TEST_0712,0.6748814
TEST_0713,0.61219144
TEST_0714,0.45439324
TEST_0715,0.60177785
TEST_0716,0.38740999
TEST_0717,0.3414094
TEST_0718,0.5836387
TEST_0719,0.5620122
TEST_0720,0.43814483
TEST_0721,0.4374159
TEST_0722,0.564985
TEST_0723,0.63143677
TEST_0724,0.45596504
TEST_0725,0.47132495
TEST_0726,0.52615243
TEST_0727,0.61547273
TEST_0728,0.39488226
TEST_0729,0.5205679
TEST_0730,0.597073
TEST_0731,0.29318854
TEST_0732,0.3943698
TEST_0733,0.38091648
TEST_0734,0.2967802
TEST_0735,0.5271453
TEST_0736,0.6426153
TEST_0737,0.3531056
TEST_0738,0.73962826
TEST_0739,0.8196299
TEST_0740,0.65645236
TEST_0741,0.29175627
TEST_0742,0.6313518
TEST_0743,0.35642526
TEST_0744,0.28856182
TEST_0745,0.39929977
TEST_0746,0.4923616
TEST_0747,0.7860523
TEST_0748,0.6177487
TEST_0749,0.4838175
TEST_0750,0.53987277
TEST_0751,0.5164843
TEST_0752,0.6498918
TEST_0753,0.64974827
TEST_0754,0.48745424
TEST_0755,0.30669165
TEST_0756,0.90951085
TEST_0757,0.4967197
TEST_0758,0.27093986
TEST_0759,0.21879813
TEST_0760,0.6038492
TEST_0761,0.3805537
TEST_0762,0.48860863
TEST_0763,0.76835084
TEST_0764,0.49653658
TEST_0765,0.37293026
TEST_0766,0.3287507
TEST_0767,0.32019377
TEST_0768,0.49209216
TEST_0769,0.33743593
TEST_0770,0.48800933
TEST_0771,0.55920553
TEST_0772,0.45953587
TEST_0773,0.22494024
TEST_0774,0.39833894
TEST_0775,0.6934791
TEST_0776,0.71843356
TEST_0777,0.27124548
TEST_0778,0.5838533
TEST_0779,0.6400215
TEST_0780,0.4534678
TEST_0781,0.49354106
TEST_0782,0.38253096
TEST_0783,0.60125643
TEST_0784,0.5459799
TEST_0785,0.8267577
TEST_0786,0.41612497
TEST_0787,0.66680354
TEST_0788,0.40827635
TEST_0789,0.534282
TEST_0790,0.6156293
TEST_0791,0.5136722
TEST_0792,0.40748858
TEST_0793,0.46563774
TEST_0794,0.6973935
TEST_0795,0.6432351
TEST_0796,0.6499205
TEST_0797,0.2583851
TEST_0798,0.46499813
TEST_0799,0.35762742
TEST_0800,0.51007533
TEST_0801,0.43868366
TEST_0802,0.3429807
TEST_0803,0.3188894
TEST_0804,0.5944621
TEST_0805,0.13591413
TEST_0806,0.67693305
TEST_0807,0.69127876
TEST_0808,0.50929207
TEST_0809,0.46354118
TEST_0810,1.0115677
TEST_0811,0.49436516
TEST_0812,0.48566344
TEST_0813,0.52280253
TEST_0814,0.67820525
TEST_0815,0.40970746
TEST_0816,0.46756765
TEST_0817,0.89622283
TEST_0818,0.7657063
TEST_0819,0.74382114
TEST_0820,0.40986696
TEST_0821,0.61908007
TEST_0822,0.32298985
TEST_0823,0.3927182
TEST_0824,0.58904994
TEST_0825,0.7888464
TEST_0826,0.39554188
TEST_0827,0.4810193
TEST_0828,0.578724
TEST_0829,0.44648123
TEST_0830,0.33248374
TEST_0831,0.68958724
TEST_0832,0.22955039
TEST_0833,0.33569777
TEST_0834,0.44502652
TEST_0835,0.55083233
TEST_0836,0.52410305
TEST_0837,0.6176023
TEST_0838,0.09697462
TEST_0839,0.48996624
TEST_0840,0.51611066
TEST_0841,0.4912302
TEST_0842,0.74012053
TEST_0843,0.092891395
TEST_0844,0.6635261
TEST_0845,0.45810294
TEST_0846,0.5268724
TEST_0847,0.5646914
TEST_0848,0.21833657
TEST_0849,0.3975959
TEST_0850,0.36958462
TEST_0851,0.7797533
TEST_0852,0.8823114
TEST_0853,0.36632892
TEST_0854,0.7185595
TEST_0855,0.38442102
TEST_0856,0.40706906
TEST_0857,0.54245096
TEST_0858,0.39651316
TEST_0859,0.53138393
TEST_0860,0.6182214
TEST_0861,0.57406956
TEST_0862,0.7234047
TEST_0863,0.41841018
TEST_0864,0.7542372
TEST_0865,0.7923373
TEST_0866,0.43749386
TEST_0867,0.30446532
TEST_0868,0.530507
TEST_0869,0.42888921
TEST_0870,0.42766216
TEST_0871,0.60045695
TEST_0872,0.6205028
TEST_0873,0.22741726
TEST_0874,0.362499
TEST_0875,0.4364424
TEST_0876,0.4986964
TEST_0877,0.28831863
TEST_0878,0.5939072
TEST_0879,0.37477288
TEST_0880,0.39974105
TEST_0881,0.54430777
TEST_0882,0.5824328
TEST_0883,0.27696532
TEST_0884,0.13548337
TEST_0885,0.18311371
TEST_0886,0.68036413
TEST_0887,0.5444697
TEST_0888,0.07068054
TEST_0889,0.25181025
TEST_0890,0.5495044
TEST_0891,0.24639246
TEST_0892,0.47190368
TEST_0893,0.4087668
TEST_0894,0.5801404
TEST_0895,0.66152555
TEST_0896,0.40401748
TEST_0897,0.52501
TEST_0898,0.7210003
TEST_0899,0.72639084
TEST_0900,0.3977055
TEST_0901,0.6639318
TEST_0902,0.46254876
TEST_0903,0.46320194
TEST_0904,0.6377592
TEST_0905,0.6559674
TEST_0906,0.48105276
TEST_0907,0.7066241
TEST_0908,0.70934933
TEST_0909,0.8961893
TEST_0910,0.7712477
TEST_0911,0.295743
TEST_0912,0.37847194
TEST_0913,0.5715241
TEST_0914,0.3095237
TEST_0915,0.5830923
TEST_0916,0.5111707
TEST_0917,0.53491926
TEST_0918,0.21589744
TEST_0919,0.40287453
TEST_0920,0.57437664
TEST_0921,0.39944157
TEST_0922,0.706637
TEST_0923,0.9069696
TEST_0924,0.44447795
TEST_0925,0.36397144
TEST_0926,0.5069601
TEST_0927,0.56336147
TEST_0928,0.59730947
TEST_0929,0.57955664
TEST_0930,0.43359455
TEST_0931,0.89037406
TEST_0932,0.4327256
TEST_0933,0.48361784
TEST_0934,0.6704516
TEST_0935,0.48232284
TEST_0936,0.26224855
TEST_0937,0.43264762
TEST_0938,0.2176205
TEST_0939,0.54447156
TEST_0940,0.41949192
TEST_0941,0.6744885
TEST_0942,0.5475954
TEST_0943,0.37212667
TEST_0944,0.5281382
TEST_0945,0.88727325
TEST_0946,0.5506936
TEST_0947,0.47245482
TEST_0948,0.59299046
TEST_0949,0.6923648
TEST_0950,0.7621996
TEST_0951,0.32788286
TEST_0952,0.30668795
TEST_0953,0.9958164
TEST_0954,0.51568675
TEST_0955,0.43394345
TEST_0956,0.24798334
TEST_0957,0.44203603
TEST_0958,0.79082876
TEST_0959,0.37311715
TEST_0960,0.4249901
TEST_0961,0.5264162
TEST_0962,0.5101586
TEST_0963,0.2966467
TEST_0964,0.7025388
TEST_0965,0.54140073
TEST_0966,0.29619294
TEST_0967,0.67829114
TEST_0968,0.8739314
TEST_0969,0.5740111
TEST_0970,0.4247916
TEST_0971,0.5427634
TEST_0972,0.48744604
TEST_0973,0.41490132
TEST_0974,0.643917
TEST_0975,0.37139052
TEST_0976,0.6036159
TEST_0977,0.6499745
TEST_0978,0.4253234
TEST_0979,0.6866185
TEST_0980,0.5169224
TEST_0981,0.21930687
TEST_0982,0.4196584
TEST_0983,0.3924768
TEST_0984,0.4472329
TEST_0985,0.7333221
TEST_0986,0.57847273
TEST_0987,0.22405522
TEST_0988,0.6221243
TEST_0989,0.49885225
TEST_0990,0.71416336
TEST_0991,0.560634
TEST_0992,0.36022958
TEST_0993,0.5621463
TEST_0994,0.3998875
TEST_0995,0.42517373
TEST_0996,0.24825875
TEST_0997,0.372237
TEST_0998,0.5214155
TEST_0999,0.36027175
TEST_1000,0.5275228
TEST_1001,0.37139168
TEST_1002,0.1837029
TEST_1003,0.07371523
TEST_1004,0.5156729
TEST_1005,0.383041
TEST_1006,0.34527397
TEST_1007,0.33075392
TEST_1008,0.47331625
TEST_1009,0.21086979
TEST_1010,0.19663315
TEST_1011,0.3903271
TEST_1012,0.4342455
TEST_1013,0.47402185
TEST_1014,0.4073809
TEST_1015,0.54313946
TEST_1016,0.47098136
TEST_1017,0.41842717
TEST_1018,0.43931103
TEST_1019,0.5618691
TEST_1020,0.35861734
TEST_1021,0.331446
TEST_1022,0.43148214
TEST_1023,0.5957412
TEST_1024,0.28316048
TEST_1025,0.39554188
TEST_1026,0.71574545
TEST_1027,0.71545464
TEST_1028,0.62360543
TEST_1029,0.64603674
TEST_1030,0.6479996
TEST_1031,0.47894648
TEST_1032,0.8452934
TEST_1033,0.73591477
TEST_1034,0.47155556
TEST_1035,0.5846241
TEST_1036,0.68573093
TEST_1037,0.7026673
TEST_1038,0.33307683
TEST_1039,0.48303083
TEST_1040,0.31658757
TEST_1041,0.5871473
TEST_1042,0.33422256
TEST_1043,0.25777975
TEST_1044,0.6250612
TEST_1045,0.6791217
TEST_1046,0.31948352
TEST_1047,0.5246275
TEST_1048,0.54524195
TEST_1049,0.71551865
TEST_1050,0.5342695
TEST_1051,0.58222926
TEST_1052,0.3898014
TEST_1053,0.8122048
TEST_1054,0.33172342
TEST_1055,0.49715433
TEST_1056,0.20989527
TEST_1057,0.7131122
TEST_1058,0.6105999
TEST_1059,0.7673848
TEST_1060,0.34028724
TEST_1061,0.5930135
TEST_1062,0.3624494
TEST_1063,0.31501895
TEST_1064,0.4913281
TEST_1065,0.76538575
TEST_1066,0.43956637
TEST_1067,0.5773883
TEST_1068,0.58358127
TEST_1069,0.20587635
TEST_1070,0.46405557
TEST_1071,0.21868476
TEST_1072,0.24883078
TEST_1073,0.8819339
TEST_1074,0.6385363
TEST_1075,0.74343467
TEST_1076,0.65040475
TEST_1077,0.29002705
TEST_1078,0.49193087
TEST_1079,0.6989791
TEST_1080,0.68511593
TEST_1081,0.5408162
TEST_1082,0.7447551
TEST_1083,0.57023793
TEST_1084,0.19567056
TEST_1085,0.13311836
TEST_1086,0.2858407
TEST_1087,0.4434043
TEST_1088,0.4609247
TEST_1089,0.861949
TEST_1090,0.49062485
TEST_1091,0.17175151
TEST_1092,0.42082167
TEST_1093,0.5365401
TEST_1094,0.4835318
TEST_1095,0.6230811
TEST_1096,0.48648307
TEST_1097,0.5752682
TEST_1098,0.3497671
TEST_1099,0.7635926
TEST_1100,0.5178446
TEST_1101,0.49774408
TEST_1102,0.46702683
TEST_1103,0.4752766
TEST_1104,0.41765648
TEST_1105,0.48140723
TEST_1106,0.55869764
TEST_1107,0.7567279
TEST_1108,0.1536504
TEST_1109,0.33428833
TEST_1110,0.71590084
TEST_1111,0.27715367
TEST_1112,0.31535742
TEST_1113,0.5984212
TEST_1114,0.5698068
TEST_1115,0.4330899
TEST_1116,0.24285683
TEST_1117,0.2623286
TEST_1118,0.30861256
TEST_1119,0.54608357
TEST_1120,0.5811542
TEST_1121,0.24715509
TEST_1122,0.48641327
TEST_1123,0.31117052
TEST_1124,0.6088395
TEST_1125,0.66057533
TEST_1126,0.75401616
TEST_1127,0.43632612
TEST_1128,0.6371748
TEST_1129,0.4714653
TEST_1130,0.37161648
TEST_1131,0.1584901
TEST_1132,0.50833315
TEST_1133,0.36391857
TEST_1134,0.32195148
TEST_1135,0.6533555
TEST_1136,0.17830999
TEST_1137,0.63404596
TEST_1138,0.27921063
TEST_1139,0.31657466
TEST_1140,0.44770792
TEST_1141,0.36087206
TEST_1142,0.39962333
TEST_1143,0.30701715
TEST_1144,0.5567176
TEST_1145,0.2700588
TEST_1146,0.7693411
TEST_1147,0.5225252
TEST_1148,0.20586677
TEST_1149,0.14886153
TEST_1150,0.5804068
TEST_1151,0.7191303
TEST_1152,0.42613488
TEST_1153,0.4661626
TEST_1154,0.6804781
TEST_1155,0.3259192
TEST_1156,0.46012872
TEST_1157,0.4984616
TEST_1158,0.48656166
TEST_1159,0.54092455
TEST_1160,0.52039224
TEST_1161,0.518101
TEST_1162,0.37852892
TEST_1163,0.76457345
TEST_1164,0.38671538
TEST_1165,0.5549879
TEST_1166,0.346986
TEST_1167,0.6630306
TEST_1168,0.6525364
TEST_1169,0.5000028
TEST_1170,0.8128026
TEST_1171,0.23497006
TEST_1172,0.57527876
TEST_1173,0.27288494
TEST_1174,0.657761
TEST_1175,0.7590453
TEST_1176,0.2705997
TEST_1177,0.59170437
TEST_1178,0.5449282
TEST_1179,0.23279987
TEST_1180,0.21763742
TEST_1181,0.76262534
TEST_1182,0.54971266
TEST_1183,0.5001347
TEST_1184,0.32168585
TEST_1185,0.35001087
TEST_1186,0.4147987
TEST_1187,0.45259327
TEST_1188,0.63875824
TEST_1189,0.5560115
TEST_1190,0.43386474
TEST_1191,0.5348596
TEST_1192,0.38475147
TEST_1193,0.5316215
TEST_1194,0.51044726
TEST_1195,0.3398993
TEST_1196,0.68152916
TEST_1197,0.3615553
TEST_1198,0.33789757
TEST_1199,0.34570917
TEST_1200,0.41269252
TEST_1201,0.43841448
TEST_1202,0.5444716
TEST_1203,0.14917846
TEST_1204,0.28042316
TEST_1205,0.37549812
TEST_1206,0.6217312
TEST_1207,0.82293683
TEST_1208,0.33961993
TEST_1209,0.25086415
TEST_1210,0.53879523
TEST_1211,0.46972114
TEST_1212,0.71568024
TEST_1213,0.16147171
TEST_1214,0.54044193
TEST_1215,0.4393538
TEST_1216,0.8423715
TEST_1217,0.43513247
TEST_1218,0.40881693
TEST_1219,0.3375458
TEST_1220,0.56276554
TEST_1221,0.4899005
TEST_1222,0.35630864
TEST_1223,0.34172302
TEST_1224,0.5885397
TEST_1225,0.6117306
TEST_1226,0.22239913
TEST_1227,0.47130936
TEST_1228,0.62908936
TEST_1229,0.6377392
TEST_1230,0.63683885
TEST_1231,0.49660465
TEST_1232,0.4170034
TEST_1233,0.6442063
TEST_1234,0.5825805
TEST_1235,0.4964514
TEST_1236,0.38048136
TEST_1237,0.32334527
TEST_1238,0.37810838
TEST_1239,0.7129532
TEST_1240,0.56361824
TEST_1241,0.39710045
TEST_1242,0.88955814
TEST_1243,0.24532929
TEST_1244,0.69173807
TEST_1245,0.31934273
TEST_1246,0.32943642
TEST_1247,0.33112645
TEST_1248,0.6264743
TEST_1249,0.80720085
TEST_1250,0.516497
TEST_1251,0.4383588
TEST_1252,0.5871473
TEST_1253,0.7431964
TEST_1254,0.4802587
TEST_1255,0.5172393
TEST_1256,0.5547804
TEST_1257,0.7460104
TEST_1258,0.2276418
TEST_1259,0.51793236
TEST_1260,0.5221721
TEST_1261,0.47465414
TEST_1262,0.45982692
TEST_1263,0.54011893
TEST_1264,0.38364193
TEST_1265,0.6866185
TEST_1266,0.534195
TEST_1267,0.6160339
TEST_1268,0.50235337
TEST_1269,0.6560019
TEST_1270,0.3816245
TEST_1271,0.2679747
TEST_1272,0.49224946
TEST_1273,0.78583086
TEST_1274,0.29457417
TEST_1275,0.5680792
TEST_1276,0.27739522
TEST_1277,0.45613235
TEST_1278,0.9423164
TEST_1279,0.78847414
TEST_1280,0.6200168
TEST_1281,0.4071773
TEST_1282,0.13329387
TEST_1283,0.053920396
TEST_1284,0.35572046
TEST_1285,0.7016586
TEST_1286,0.5306514
TEST_1287,0.74609035
TEST_1288,0.21699388
TEST_1289,0.74394864
TEST_1290,0.310595
TEST_1291,0.59692806
TEST_1292,0.34998962
TEST_1293,0.38833806
TEST_1294,0.54055095
TEST_1295,0.45443377
TEST_1296,0.6056057
TEST_1297,0.43103892
TEST_1298,0.596571
TEST_1299,0.6412308
TEST_1300,0.063953914
TEST_1301,0.5192801
TEST_1302,0.41358072
TEST_1303,0.69961053
TEST_1304,0.24739495
TEST_1305,0.5264986
TEST_1306,0.33742604
TEST_1307,0.44873026
TEST_1308,0.46877936
TEST_1309,0.8589497
TEST_1310,0.5921524
TEST_1311,0.49854934
TEST_1312,0.56444126
TEST_1313,0.39781573
TEST_1314,0.7086039
TEST_1315,0.2933147
TEST_1316,0.68544924
TEST_1317,0.611489
TEST_1318,0.7673848
TEST_1319,0.55390537
TEST_1320,0.05164966
TEST_1321,0.5268962
TEST_1322,0.3544862
TEST_1323,0.41850802
TEST_1324,0.55698174
TEST_1325,0.21660279
TEST_1326,0.41792583
TEST_1327,0.4307351
TEST_1328,0.4503461
TEST_1329,0.46293595
TEST_1330,0.73406273
TEST_1331,0.60515195
TEST_1332,0.5196586
TEST_1333,0.8831563
TEST_1334,0.1798886
TEST_1335,0.66736966
TEST_1336,0.4658096
TEST_1337,0.14713657
TEST_1338,0.36787668
TEST_1339,0.8017864
TEST_1340,0.39235428
TEST_1341,0.5239217
TEST_1342,0.59760165
TEST_1343,1.0601343
TEST_1344,0.58421576
TEST_1345,0.39843896
TEST_1346,0.75688833
TEST_1347,0.48060033
TEST_1348,0.40779626
TEST_1349,0.6457401
TEST_1350,0.39179015
TEST_1351,0.4880874
TEST_1352,0.7836431
TEST_1353,0.5104388
TEST_1354,0.96837
TEST_1355,0.74467754
TEST_1356,0.68952405
TEST_1357,0.5261825
TEST_1358,0.7732229
TEST_1359,0.60436386
TEST_1360,0.6629001
TEST_1361,0.39115456
TEST_1362,0.5119012
TEST_1363,0.6040836
TEST_1364,0.30898985
TEST_1365,0.34976774
TEST_1366,0.3652885
TEST_1367,0.561082
TEST_1368,0.4408355
TEST_1369,0.5483982
TEST_1370,0.60892767
TEST_1371,0.48189744
TEST_1372,0.94581306
TEST_1373,0.46588278
TEST_1374,0.28410614
TEST_1375,0.7063609
TEST_1376,0.49973923
TEST_1377,0.2276084
TEST_1378,0.5318099
TEST_1379,0.4983344
TEST_1380,0.17680737
TEST_1381,0.2942407
TEST_1382,0.59403425
TEST_1383,0.18005678
TEST_1384,0.39204654
TEST_1385,0.51134837
TEST_1386,0.30590677
TEST_1387,0.13664055
TEST_1388,0.25884277
TEST_1389,0.22414316
TEST_1390,0.6700351
TEST_1391,0.31454065
TEST_1392,0.56140435
TEST_1393,0.40566626
TEST_1394,0.34936875
TEST_1395,0.7349714
TEST_1396,0.5244006
TEST_1397,0.4948578
TEST_1398,0.5626402
TEST_1399,0.47402185
TEST_1400,0.5936645
TEST_1401,0.574131
TEST_1402,0.44212005
TEST_1403,0.2546002
TEST_1404,0.8827732
TEST_1405,0.47228515
TEST_1406,0.67924
TEST_1407,0.27641827
TEST_1408,0.27281937
TEST_1409,0.24417283
TEST_1410,0.3057209
TEST_1411,0.2810009
TEST_1412,0.6324155
TEST_1413,0.43848428
TEST_1414,0.61924696
TEST_1415,0.1469015
TEST_1416,0.3304084
TEST_1417,0.6026667
TEST_1418,0.8296331
TEST_1419,0.36483157
TEST_1420,0.32203892
TEST_1421,0.47952294
TEST_1422,0.70336175
TEST_1423,0.18867064
TEST_1424,0.85713094
TEST_1425,0.4860433
TEST_1426,0.20573728
TEST_1427,0.41230783
TEST_1428,0.2689766
TEST_1429,0.47623244
TEST_1430,0.50959593
TEST_1431,0.48274025
TEST_1432,0.90292114
TEST_1433,0.6556448
TEST_1434,0.46116155
TEST_1435,0.53332365
TEST_1436,0.39637935
TEST_1437,0.4202641
TEST_1438,0.37622508
TEST_1439,0.3774546
TEST_1440,0.5673428
TEST_1441,0.20421752
TEST_1442,0.68359417
TEST_1443,0.4830003
TEST_1444,0.20835896
TEST_1445,0.45092186
TEST_1446,0.75959563
TEST_1447,0.59344596
TEST_1448,0.47372884
TEST_1449,1.0063546
TEST_1450,0.2882974
TEST_1451,0.57724345
TEST_1452,0.019980589
TEST_1453,0.41141123
TEST_1454,0.5935448
TEST_1455,0.396059
TEST_1456,0.675057
TEST_1457,0.28305924
TEST_1458,0.44738233
TEST_1459,0.5719801
TEST_1460,0.5032487
TEST_1461,0.7140158
TEST_1462,0.54394454
TEST_1463,0.22545229
TEST_1464,0.18920858
TEST_1465,0.6019882
TEST_1466,0.83829594
TEST_1467,0.43528628
TEST_1468,0.785968
TEST_1469,0.70885473
TEST_1470,0.32056367
TEST_1471,0.85635585
TEST_1472,0.5496845
TEST_1473,0.30327797
TEST_1474,0.6542679
TEST_1475,0.6074226
TEST_1476,0.62964153
TEST_1477,0.6176421
TEST_1478,0.40371987
TEST_1479,0.31237823
TEST_1480,0.54370165
TEST_1481,0.6243543
TEST_1482,0.6423527
TEST_1483,0.34928915
TEST_1484,0.32072076
TEST_1485,0.2567106
TEST_1486,0.5324889
TEST_1487,0.5264498
TEST_1488,0.43661323
TEST_1489,0.49632058
TEST_1490,0.4633619
TEST_1491,0.19915503
TEST_1492,0.31915247
TEST_1493,0.51763
TEST_1494,0.71483284
TEST_1495,0.6448412
TEST_1496,0.44113344
TEST_1497,0.39691922
TEST_1498,0.61007094
TEST_1499,0.3969131
TEST_1500,0.56281406
TEST_1501,0.43117133
TEST_1502,0.2367287
TEST_1503,0.6652839
TEST_1504,0.75649124
TEST_1505,0.49410447
TEST_1506,0.34202287
TEST_1507,0.65562207
TEST_1508,0.6364202
TEST_1509,0.33924243
TEST_1510,0.71381426
TEST_1511,0.50673103
TEST_1512,0.7791669
TEST_1513,0.58471394
TEST_1514,0.65512216
TEST_1515,0.35814962
TEST_1516,0.4213205
TEST_1517,0.0061286883
TEST_1518,0.6567105
TEST_1519,0.5191928
TEST_1520,0.07747333
TEST_1521,0.43469253
TEST_1522,0.5848085
TEST_1523,0.73267895
TEST_1524,0.73333454
TEST_1525,0.6021483
TEST_1526,0.63668215
TEST_1527,0.3239742
TEST_1528,0.5949038
TEST_1529,0.6555387
TEST_1530,0.4569899
TEST_1531,0.48433772
TEST_1532,0.6525106
TEST_1533,0.3988471
TEST_1534,0.30079487
TEST_1535,0.77857643
TEST_1536,0.63783103
TEST_1537,0.5061235
TEST_1538,0.4147245
TEST_1539,0.5101232
TEST_1540,0.56950724
TEST_1541,0.54976636
TEST_1542,0.3343319
TEST_1543,0.82188606
TEST_1544,0.52459747
TEST_1545,0.6744917
TEST_1546,0.5192805
TEST_1547,0.53202254
TEST_1548,0.53019774
TEST_1549,0.12978089
TEST_1550,0.48371258
TEST_1551,0.62256604
TEST_1552,0.49688604
TEST_1553,0.69138634
TEST_1554,0.50871027
TEST_1555,0.58805555
TEST_1556,0.87744766
TEST_1557,0.29786295
TEST_1558,0.3208369
TEST_1559,0.47827274
TEST_1560,0.63366383
TEST_1561,0.4219133
TEST_1562,0.70151734
TEST_1563,0.61898273
TEST_1564,0.7956751
TEST_1565,0.4270145
TEST_1566,0.31369805
TEST_1567,0.49239576
TEST_1568,0.51474506
TEST_1569,0.36126244
TEST_1570,0.4228733
TEST_1571,0.56453824
TEST_1572,0.6054208
TEST_1573,0.5543801
TEST_1574,0.53573024
TEST_1575,0.45577973
TEST_1576,0.2542148
TEST_1577,0.71679133
TEST_1578,0.5265473
TEST_1579,0.4175184
TEST_1580,0.6704659
TEST_1581,0.36549553
TEST_1582,0.05727094
TEST_1583,0.39656013
TEST_1584,0.51747805
TEST_1585,0.79125005
TEST_1586,0.19553836
TEST_1587,0.22994003
TEST_1588,0.89037406
TEST_1589,0.48778084
TEST_1590,0.2215765
TEST_1591,0.2776937
TEST_1592,0.64591664
TEST_1593,0.29307634
TEST_1594,0.52571446
TEST_1595,0.5704705
TEST_1596,0.22375217
TEST_1597,0.8247466
TEST_1598,0.60197186
TEST_1599,0.22554605
TEST_1600,0.4224065
TEST_1601,0.35548764
TEST_1602,0.1356303
TEST_1603,0.40059996
TEST_1604,0.4047057
TEST_1605,0.4222637
TEST_1606,0.5222329
TEST_1607,0.4408232
TEST_1608,0.53215957
TEST_1609,0.36900222
TEST_1610,0.4962287
TEST_1611,0.802479
TEST_1612,0.18953496
TEST_1613,0.6881301
TEST_1614,0.65628934
TEST_1615,0.51969653
TEST_1616,0.18060575
TEST_1617,0.46645823
TEST_1618,0.27948275
TEST_1619,0.5713431
TEST_1620,0.83535016
TEST_1621,0.48602468
TEST_1622,0.33559164
TEST_1623,0.4704584
TEST_1624,0.36658975
TEST_1625,0.5862645
TEST_1626,0.46313426
TEST_1627,0.41841018
TEST_1628,0.59565926
TEST_1629,0.50866383
TEST_1630,0.72946495
TEST_1631,0.8914534
TEST_1632,0.2806683
TEST_1633,0.4163767
TEST_1634,0.68999135
TEST_1635,0.56069803
TEST_1636,0.6798336
TEST_1637,0.54893154
TEST_1638,0.6414304
TEST_1639,0.42676336
TEST_1640,0.3995213
TEST_1641,0.503038
TEST_1642,0.63866854
TEST_1643,0.60371834
TEST_1644,0.37659726
TEST_1645,0.17969757
TEST_1646,0.5342993
TEST_1647,0.5680877
TEST_1648,0.32087213
TEST_1649,0.460608
TEST_1650,0.59619945
TEST_1651,0.53461677
TEST_1652,0.36017585
TEST_1653,0.2715241
TEST_1654,0.83209485
TEST_1655,0.49885225
TEST_1656,0.48493868
TEST_1657,0.5874545
TEST_1658,0.5769924
TEST_1659,0.2204303
TEST_1660,0.6185878
TEST_1661,0.43825465
TEST_1662,0.73899275
TEST_1663,0.5331287
TEST_1664,0.8375883
TEST_1665,0.39225772
TEST_1666,0.7183699
TEST_1667,0.5689273
TEST_1668,0.39517587
TEST_1669,0.3549035
TEST_1670,0.70031637
TEST_1671,0.38698637
TEST_1672,0.5784303
TEST_1673,0.5148173
TEST_1674,0.6534447
TEST_1675,0.7903901
TEST_1676,0.4685294
TEST_1677,0.46181726
TEST_1678,0.55308217
TEST_1679,0.7905569
TEST_1680,0.42938444
TEST_1681,0.11145528
TEST_1682,0.42608017
TEST_1683,0.39220452
TEST_1684,0.42878336
TEST_1685,0.51221615
TEST_1686,0.55957794
TEST_1687,0.4569086
TEST_1688,0.5225225
TEST_1689,0.32628214
TEST_1690,0.5532261
TEST_1691,0.4491441
TEST_1692,0.41072962
TEST_1693,0.3805325
TEST_1694,0.5713431
TEST_1695,0.27908215
TEST_1696,0.4258039
TEST_1697,0.9035458
TEST_1698,0.24006541
TEST_1699,0.55180264
TEST_1700,0.52047205
TEST_1701,0.57339966
TEST_1702,0.5675752
TEST_1703,0.72813326
TEST_1704,0.4841726
TEST_1705,0.42533636
TEST_1706,0.6428686
TEST_1707,0.5363225
TEST_1708,0.53768927
TEST_1709,0.85558563
TEST_1710,0.84690803
TEST_1711,0.6209866
TEST_1712,0.3774546
TEST_1713,0.4792434
TEST_1714,0.39027822
TEST_1715,0.5125768
TEST_1716,0.20045157
TEST_1717,0.7488643
TEST_1718,0.52173525
TEST_1719,0.72288555
TEST_1720,0.5323057
TEST_1721,0.3551474
TEST_1722,0.6157392
TEST_1723,0.18168576
TEST_1724,0.4008604
TEST_1725,0.6788401
TEST_1726,0.27979434
TEST_1727,0.42717323
TEST_1728,0.66085064
TEST_1729,0.44497165
TEST_1730,0.39105904
TEST_1731,0.29097778
TEST_1732,0.52441543
TEST_1733,0.5620912
TEST_1734,0.20166874
TEST_1735,0.63793683
TEST_1736,0.36779174
TEST_1737,0.33761683
TEST_1738,0.65785694
TEST_1739,0.48815405
TEST_1740,0.6196813
TEST_1741,0.39818457
TEST_1742,0.6153825
TEST_1743,0.37192792
TEST_1744,0.3716578
TEST_1745,0.43367717
TEST_1746,0.45654207
TEST_1747,0.562594
TEST_1748,0.643917
TEST_1749,0.5529946
TEST_1750,0.5270101
TEST_1751,0.73687696
TEST_1752,0.41591486
TEST_1753,0.5825805
TEST_1754,0.8446679
TEST_1755,0.6029297
TEST_1756,0.3101455
TEST_1757,0.41677162
TEST_1758,0.4717228
TEST_1759,0.5566463
TEST_1760,0.39479727
TEST_1761,0.59412163
TEST_1762,0.7434865
TEST_1763,0.4769771
TEST_1764,0.6673764
TEST_1765,0.5504409
TEST_1766,0.43067843
TEST_1767,0.4540767
TEST_1768,0.60526854
TEST_1769,0.6668972
TEST_1770,0.33193532
TEST_1771,0.60992765
TEST_1772,0.82376033
TEST_1773,0.2559604
TEST_1774,0.5685769
TEST_1775,0.4801501
TEST_1776,0.3617481
TEST_1777,0.6972489
TEST_1778,0.5509387
TEST_1779,0.3807583
TEST_1780,0.50866383
TEST_1781,0.7224829
TEST_1782,0.63668215
TEST_1783,0.6240288
TEST_1784,0.6378622
TEST_1785,0.6389426
TEST_1786,0.35762525
TEST_1787,0.69200814
TEST_1788,0.37397423
TEST_1789,0.5309206
TEST_1790,0.54830205
TEST_1791,0.39855534
TEST_1792,0.71679133
TEST_1793,0.5533519
TEST_1794,0.5281476
TEST_1795,0.34251845
TEST_1796,0.22778669
TEST_1797,0.41129136
TEST_1798,0.4386748
TEST_1799,0.49451283
TEST_1800,0.48253965
TEST_1801,0.5232666
TEST_1802,0.7836252
TEST_1803,0.6239264
TEST_1804,0.47736672
TEST_1805,0.87332916
TEST_1806,0.24960735
TEST_1807,0.27770957
TEST_1808,1.0102668
TEST_1809,0.27128452
TEST_1810,0.7480708
TEST_1811,0.3192679
TEST_1812,0.7605928
TEST_1813,0.5287174
TEST_1814,0.5396108
TEST_1815,0.5108444
TEST_1816,0.5887121
TEST_1817,0.50744706
TEST_1818,0.47069222
TEST_1819,0.046828657
TEST_1820,0.60755134
TEST_1821,0.7660158
TEST_1822,0.53642905
TEST_1823,0.41136843
TEST_1824,0.39816365
TEST_1825,0.25751123
TEST_1826,0.34712848
TEST_1827,0.3709148
TEST_1828,0.50420076
TEST_1829,0.42208
TEST_1830,0.44113344
TEST_1831,0.22468852
TEST_1832,0.15518932
TEST_1833,0.53573245
TEST_1834,0.5454326
TEST_1835,0.42780688
TEST_1836,0.35697204
TEST_1837,0.51263946
TEST_1838,0.80816525
TEST_1839,0.54312533
TEST_1840,0.49325672
TEST_1841,0.35758886
TEST_1842,0.14319149
TEST_1843,0.51111287
TEST_1844,0.44316968
TEST_1845,0.6965671
TEST_1846,0.6616735
TEST_1847,0.38839006
TEST_1848,0.38349023
TEST_1849,0.48432592
TEST_1850,0.6615041
TEST_1851,0.45854214
TEST_1852,0.6400615
TEST_1853,0.18605754
TEST_1854,0.46664426
TEST_1855,0.47548208
TEST_1856,0.36724305
TEST_1857,0.5124436
TEST_1858,0.5540001
TEST_1859,0.4034924
TEST_1860,0.40958667
TEST_1861,-0.024580771
TEST_1862,0.5144096
TEST_1863,0.5457281
TEST_1864,0.20354082
TEST_1865,0.23970918
TEST_1866,0.55094904
TEST_1867,0.5551582
TEST_1868,0.281844
TEST_1869,0.4032125
TEST_1870,0.40816388
TEST_1871,0.5259206
TEST_1872,0.5276603
TEST_1873,0.43808195
TEST_1874,0.41056
TEST_1875,0.8613659
TEST_1876,0.50497925
TEST_1877,0.67562014
TEST_1878,0.5705599
TEST_1879,0.6410753
TEST_1880,0.46923617
TEST_1881,0.81149566
TEST_1882,0.4017098
TEST_1883,0.4346683
TEST_1884,0.44247922
TEST_1885,0.75390846
TEST_1886,0.62104875
TEST_1887,0.3220069
TEST_1888,0.9323941
TEST_1889,0.46563402
TEST_1890,0.5833893
TEST_1891,0.4232777
TEST_1892,0.4580081
TEST_1893,0.5122469
TEST_1894,0.49765798
TEST_1895,0.20545715
TEST_1896,0.64297724
TEST_1897,0.3153664
TEST_1898,0.41431436
TEST_1899,0.7157657
TEST_1900,0.33163747
TEST_1901,0.5531405
TEST_1902,0.6714106
TEST_1903,0.6112255
TEST_1904,0.63600105
TEST_1905,0.22867629
TEST_1906,0.4612342
TEST_1907,0.8616623
TEST_1908,0.68826157
TEST_1909,0.73123115
TEST_1910,0.29085228
TEST_1911,0.25445324
TEST_1912,0.31369087
TEST_1913,0.5354777
TEST_1914,0.78952795
TEST_1915,0.50427496
TEST_1916,0.59265953
TEST_1917,0.13123967
TEST_1918,0.6281741
TEST_1919,0.30519128
TEST_1920,0.74455833
TEST_1921,0.61924696
TEST_1922,0.35455912
TEST_1923,0.70070344
TEST_1924,0.49093446
TEST_1925,0.57090557
TEST_1926,0.14300512
TEST_1927,0.2887503
TEST_1928,0.47935495
TEST_1929,0.43958515
TEST_1930,0.60926646
TEST_1931,0.66792834
TEST_1932,0.18957102
TEST_1933,0.5969885
TEST_1934,0.24891613
TEST_1935,0.27677888
TEST_1936,0.23600209
TEST_1937,0.72699744
TEST_1938,0.719445
TEST_1939,0.3783162
TEST_1940,0.41838074
TEST_1941,0.74229497
TEST_1942,0.4424802
TEST_1943,0.68829894
TEST_1944,0.5247158
TEST_1945,0.42249954
TEST_1946,0.5667772
TEST_1947,0.61983734
TEST_1948,0.32534316
TEST_1949,0.3862584
TEST_1950,0.720367
TEST_1951,0.49011904
TEST_1952,0.3382504
TEST_1953,0.4920719
TEST_1954,0.64416
TEST_1955,0.4422068
TEST_1956,0.7694673
TEST_1957,0.60959107
TEST_1958,0.34482825
TEST_1959,0.62401086
TEST_1960,0.34266043
TEST_1961,0.41507196
TEST_1962,0.62466896
TEST_1963,0.307287
TEST_1964,0.30714068
TEST_1965,0.39131388
TEST_1966,0.5373491
TEST_1967,0.3192679
TEST_1968,0.3174857
TEST_1969,0.7971557
TEST_1970,0.33749458
TEST_1971,0.39686453
TEST_1972,0.863497
TEST_1973,0.7287501
TEST_1974,0.6758647
TEST_1975,0.28780892
TEST_1976,0.32672447
TEST_1977,0.4991238
TEST_1978,0.73370135
TEST_1979,0.67802566
TEST_1980,0.16285202
TEST_1981,0.24987215
TEST_1982,0.51125824
TEST_1983,0.13000661
TEST_1984,0.3200803
TEST_1985,0.38421804
TEST_1986,0.2728055
TEST_1987,0.5006073
TEST_1988,0.5644568
TEST_1989,0.6054791
TEST_1990,0.45162386
TEST_1991,0.3899396
TEST_1992,0.34944218
TEST_1993,0.58610725
TEST_1994,0.7287501
TEST_1995,0.29457808
TEST_1996,0.22572148
TEST_1997,0.60028934
TEST_1998,0.5104812
TEST_1999,0.5166722
TEST_2000,0.50510037
TEST_2001,0.5132219
TEST_2002,0.702268
TEST_2003,0.47297496
TEST_2004,0.57844555
TEST_2005,0.5065248
TEST_2006,0.533847
TEST_2007,0.61416435
TEST_2008,0.4880055
TEST_2009,0.16031173
TEST_2010,0.3527138
TEST_2011,0.52141255
TEST_2012,0.56530905
TEST_2013,0.29706967
TEST_2014,0.50195545
TEST_2015,0.4217362
TEST_2016,0.42695135
TEST_2017,0.27812532
TEST_2018,0.60295284
TEST_2019,0.55968904
TEST_2020,0.48810223
TEST_2021,0.60672116
TEST_2022,0.4933113
TEST_2023,0.14463109
TEST_2024,0.22983289
TEST_2025,0.8113737
TEST_2026,0.45356533
TEST_2027,0.3585107
TEST_2028,0.6951973
TEST_2029,0.38080856
TEST_2030,0.26581022
TEST_2031,0.5637362
TEST_2032,0.75649965
TEST_2033,0.7814251
TEST_2034,0.5647116
TEST_2035,0.2140631
TEST_2036,0.74128085
TEST_2037,0.44103065
TEST_2038,0.32537922
TEST_2039,0.35104525
TEST_2040,0.6113397
TEST_2041,0.7710788
TEST_2042,0.6232737
TEST_2043,0.5669856
TEST_2044,0.30504283
TEST_2045,0.37994522
TEST_2046,0.44664082
TEST_2047,0.3816427
TEST_2048,0.38481987
TEST_2049,0.52734685
TEST_2050,0.33368054
TEST_2051,0.5124267
TEST_2052,0.46554506
TEST_2053,0.49847275
TEST_2054,0.69067925
TEST_2055,0.35931608
TEST_2056,0.4348661
TEST_2057,0.17897397
TEST_2058,0.559982
TEST_2059,0.5818741
TEST_2060,0.5555684
TEST_2061,0.18800667
TEST_2062,0.47550562
TEST_2063,0.58274454
TEST_2064,0.58353037
TEST_2065,0.78750604
TEST_2066,0.7400388
TEST_2067,0.14310344
TEST_2068,0.41354853
TEST_2069,0.44611806
TEST_2070,0.29631898
TEST_2071,0.6048253
TEST_2072,0.20230712
TEST_2073,0.5719483
TEST_2074,0.26855087
TEST_2075,0.64710873
TEST_2076,0.44285095
TEST_2077,0.7005714
TEST_2078,0.46257016
TEST_2079,0.5961875
TEST_2080,0.2237857
TEST_2081,0.25949097
TEST_2082,0.2154526
TEST_2083,0.6156407
TEST_2084,0.64246553
TEST_2085,0.7192628
TEST_2086,0.5884026
TEST_2087,0.64118844
TEST_2088,0.45640403
TEST_2089,0.42938444
TEST_2090,0.3908791
TEST_2091,0.6298374
TEST_2092,0.25350124
TEST_2093,0.31231606
TEST_2094,0.41794768
TEST_2095,0.42385036
TEST_2096,0.34071434
TEST_2097,0.78125113
TEST_2098,0.5712684
TEST_2099,0.6007563
TEST_2100,0.7578762
TEST_2101,0.41639724
TEST_2102,0.56661975
TEST_2103,0.44029903
TEST_2104,0.4727864
TEST_2105,0.8483928
TEST_2106,0.400178
TEST_2107,0.35619435
TEST_2108,0.5427841
TEST_2109,0.2543034
TEST_2110,0.41755354
TEST_2111,0.6630332
TEST_2112,0.67221975
TEST_2113,0.4850517
TEST_2114,0.43259245
TEST_2115,0.61433256
TEST_2116,0.2727322
TEST_2117,0.39526817
TEST_2118,0.66194695
TEST_2119,0.3956183
TEST_2120,0.5095976
TEST_2121,0.7564791
TEST_2122,0.43440327
TEST_2123,0.38616687
TEST_2124,0.54814595
TEST_2125,0.6423085
TEST_2126,0.39508343
TEST_2127,0.21590857
TEST_2128,0.44612172
TEST_2129,0.51593584
TEST_2130,0.5693665
TEST_2131,0.6592465
TEST_2132,0.63776195
TEST_2133,0.6785753
TEST_2134,0.59490395
TEST_2135,0.098684
TEST_2136,0.55298024
TEST_2137,0.5502832
TEST_2138,0.39990324
TEST_2139,0.6977268
TEST_2140,0.6640707
TEST_2141,0.7082738
TEST_2142,0.39083016
TEST_2143,0.76306903
TEST_2144,0.50117743
TEST_2145,0.49031252
TEST_2146,0.6036159
TEST_2147,0.67131793
TEST_2148,0.533847
TEST_2149,0.39617562
TEST_2150,0.7959428
TEST_2151,0.8983007
TEST_2152,0.7994263
TEST_2153,0.47740877
TEST_2154,0.33370075
TEST_2155,0.41835523
TEST_2156,0.44707632
TEST_2157,0.4058028
TEST_2158,0.6137913
TEST_2159,0.55569524
TEST_2160,0.6414304
TEST_2161,0.38791177
TEST_2162,0.30251074
TEST_2163,0.4982726
TEST_2164,0.64207333
TEST_2165,0.3227495
TEST_2166,0.51741207
TEST_2167,0.64146036
TEST_2168,0.3688229
TEST_2169,0.12256266
TEST_2170,0.58303446
TEST_2171,0.2480379
TEST_2172,0.30804852
TEST_2173,0.74859375
TEST_2174,0.27278534
TEST_2175,0.50761634
TEST_2176,0.7902769
TEST_2177,0.30209112
TEST_2178,0.7587668
TEST_2179,0.8325113
TEST_2180,0.62707615
TEST_2181,0.54965293
TEST_2182,0.45278573
TEST_2183,0.45807838
TEST_2184,0.36108413
TEST_2185,0.726909
TEST_2186,0.6065232
TEST_2187,0.52647
TEST_2188,0.6693535
TEST_2189,0.6807673
TEST_2190,0.44772735
TEST_2191,0.67593235
TEST_2192,0.7576318
TEST_2193,0.38244334
TEST_2194,0.15178885
TEST_2195,0.70151734
TEST_2196,0.52772295
TEST_2197,0.5043441
TEST_2198,0.78366375
TEST_2199,0.29323283
TEST_2200,0.8767326
TEST_2201,0.72915596
TEST_2202,0.73752725
TEST_2203,0.52560943
TEST_2204,0.7287056
TEST_2205,0.67575294
TEST_2206,0.43705285
TEST_2207,0.4857216
TEST_2208,0.62806743
TEST_2209,0.5118877
TEST_2210,0.6307708
TEST_2211,0.22187667
TEST_2212,0.5750847
TEST_2213,0.6383215
TEST_2214,0.24580023
TEST_2215,0.8061196
TEST_2216,0.7793188
TEST_2217,0.3418898
TEST_2218,0.4920882
TEST_2219,0.3924961
TEST_2220,0.43852815
TEST_2221,0.6541889
TEST_2222,0.6361449
TEST_2223,0.649856
TEST_2224,0.8323382
TEST_2225,0.19840004
TEST_2226,0.24236554
TEST_2227,0.22784425
TEST_2228,0.4418884
TEST_2229,0.49357083
TEST_2230,0.55230105
TEST_2231,0.53287303
TEST_2232,0.2941141
TEST_2233,0.3563537
TEST_2234,0.6399488
TEST_2235,0.80035865
TEST_2236,0.7067133
TEST_2237,0.45035276
TEST_2238,0.41835523
TEST_2239,0.39768732
TEST_2240,0.8467932
TEST_2241,0.6751015
TEST_2242,0.58085144
TEST_2243,0.5127497
TEST_2244,0.46469092
TEST_2245,0.42542905
TEST_2246,0.29760078
TEST_2247,0.23312743
TEST_2248,0.3626136
TEST_2249,0.71613073
TEST_2250,0.41350734
TEST_2251,0.329157
TEST_2252,0.64324635
TEST_2253,0.560624
TEST_2254,0.53373414
TEST_2255,0.78343385
TEST_2256,0.46261504
TEST_2257,0.52432513
TEST_2258,0.7204274
TEST_2259,0.5886365
TEST_2260,0.55070204
TEST_2261,0.6619177
TEST_2262,0.49171656
TEST_2263,0.4629253
TEST_2264,0.49599504
TEST_2265,0.487317
TEST_2266,0.6913642
TEST_2267,0.48648307
TEST_2268,0.23431723
TEST_2269,0.5828807
TEST_2270,0.39602375
TEST_2271,0.48396063
TEST_2272,0.48847684
TEST_2273,0.34183508
TEST_2274,0.21544413
TEST_2275,0.70179534
TEST_2276,0.38281706
TEST_2277,0.36266917
TEST_2278,0.24456026
TEST_2279,0.64576685
TEST_2280,0.27713284
TEST_2281,0.5120352
TEST_2282,0.8000455
TEST_2283,0.5635132
TEST_2284,0.06301053
TEST_2285,0.5872926
TEST_2286,0.5576043
TEST_2287,0.677273
TEST_2288,0.34015128
TEST_2289,0.42516148
TEST_2290,0.5417936
TEST_2291,0.6612789
TEST_2292,0.42845818
TEST_2293,0.29794157
TEST_2294,0.6546728
TEST_2295,0.8837097
TEST_2296,0.13640282
TEST_2297,0.6552234
TEST_2298,0.74248874
TEST_2299,0.51763
TEST_2300,0.27912986
TEST_2301,0.8324521
TEST_2302,0.66425395
TEST_2303,0.52213144
TEST_2304,0.46459335
TEST_2305,0.33606988
TEST_2306,0.8060079
TEST_2307,0.6438733
TEST_2308,0.6132919
TEST_2309,0.44668886
TEST_2310,0.18984763
TEST_2311,0.6741941
TEST_2312,0.8637355
TEST_2313,0.30957478
TEST_2314,0.6194681
TEST_2315,0.62636423
TEST_2316,0.52047616
TEST_2317,0.5510208
TEST_2318,0.26612017
TEST_2319,0.46349564
TEST_2320,0.5420912
TEST_2321,0.34379715
TEST_2322,0.57859707
TEST_2323,0.4399127
TEST_2324,0.6861881
TEST_2325,0.3666626
TEST_2326,0.9456847
TEST_2327,0.61323696
TEST_2328,0.29321894
TEST_2329,0.7152011
TEST_2330,0.43810937
TEST_2331,0.48096895
TEST_2332,0.58768976
TEST_2333,0.5536184
TEST_2334,0.57273424
TEST_2335,0.39546525
TEST_2336,0.73196405
TEST_2337,0.26545733
TEST_2338,0.42963025
TEST_2339,0.2444187
TEST_2340,0.29702678
TEST_2341,0.771671
TEST_2342,0.82405293
TEST_2343,0.16284403
TEST_2344,0.50195664
TEST_2345,0.2824244
TEST_2346,0.6296777
TEST_2347,0.32793447
TEST_2348,0.13725427
TEST_2349,0.33315182
TEST_2350,0.6153746
TEST_2351,0.5795704
TEST_2352,0.6367893
TEST_2353,0.23183426
TEST_2354,0.620331
TEST_2355,0.6267242
TEST_2356,0.4911421
TEST_2357,0.7809158
TEST_2358,0.6713533
TEST_2359,0.15168513
TEST_2360,0.6530871
TEST_2361,0.07903495
TEST_2362,0.5849923
TEST_2363,0.86846787
TEST_2364,0.30934712
TEST_2365,0.65322554
TEST_2366,0.2555766
TEST_2367,0.8382959
TEST_2368,0.8138088
TEST_2369,0.4172937
TEST_2370,0.9041716
TEST_2371,0.6222618
TEST_2372,0.28621492
TEST_2373,0.32893515
TEST_2374,0.6196813
TEST_2375,0.6413333
TEST_2376,0.91239595
TEST_2377,0.4520784
TEST_2378,0.31945562
TEST_2379,0.5101232
TEST_2380,0.5538114
TEST_2381,0.27541932
TEST_2382,0.48622894
TEST_2383,0.53076893
TEST_2384,0.4088261
TEST_2385,0.14150411
TEST_2386,0.31006122
TEST_2387,0.5428011
TEST_2388,0.4661066
TEST_2389,0.6117306
TEST_2390,0.52254254
TEST_2391,0.3387674
TEST_2392,0.45441082
TEST_2393,0.4895857
TEST_2394,0.5980734
TEST_2395,0.40818906
TEST_2396,0.56962097
TEST_2397,0.33747748
TEST_2398,0.46400622
TEST_2399,0.41878942
TEST_2400,0.5973238
TEST_2401,0.16839452
TEST_2402,0.33998117
TEST_2403,0.5073975
TEST_2404,0.46957415
TEST_2405,0.56072724
TEST_2406,0.25692254
TEST_2407,0.39768732
TEST_2408,0.5537598
TEST_2409,0.39174312
TEST_2410,0.52058464
TEST_2411,0.31535742
TEST_2412,0.4751071
TEST_2413,0.15252976
TEST_2414,0.38244334
TEST_2415,0.45460084
TEST_2416,0.36380595
TEST_2417,0.9247778
TEST_2418,0.39025798
TEST_2419,0.4036759
TEST_2420,0.51531255
TEST_2421,0.59175974
TEST_2422,0.5466808
TEST_2423,1.1133057
TEST_2424,0.34980708
TEST_2425,0.53207546
TEST_2426,0.18417834
TEST_2427,0.51589817
TEST_2428,0.6403848
TEST_2429,0.5349438
TEST_2430,0.32714614
TEST_2431,0.26857972
TEST_2432,0.3974246
TEST_2433,0.29502884
TEST_2434,0.5884172
TEST_2435,0.82643723
TEST_2436,0.3355259
TEST_2437,0.63729864
TEST_2438,0.75115573
TEST_2439,0.23476355
TEST_2440,0.5394104
TEST_2441,0.3859121
TEST_2442,0.30468482
TEST_2443,0.44708997
TEST_2444,0.45820403
TEST_2445,0.15886453
TEST_2446,0.54885054
TEST_2447,0.2703002
TEST_2448,0.5089269
TEST_2449,0.84137356
TEST_2450,0.39352602
TEST_2451,0.44533846
TEST_2452,-0.029629426
TEST_2453,0.39587396
TEST_2454,0.58201116
TEST_2455,0.50744706
TEST_2456,0.7328135
TEST_2457,0.28390646
TEST_2458,0.07919753
TEST_2459,0.5730104
TEST_2460,0.3689449
TEST_2461,0.41638646
TEST_2462,0.7322755
TEST_2463,0.45526278
TEST_2464,0.26229876
TEST_2465,0.48516682
TEST_2466,0.6954034
TEST_2467,0.4282391
TEST_2468,0.2498984
TEST_2469,0.93929887
TEST_2470,0.28554302
TEST_2471,0.41047588
TEST_2472,0.5213518
TEST_2473,1.2738405
TEST_2474,0.62576765
TEST_2475,0.3689449
TEST_2476,0.6837431
TEST_2477,0.7252198
TEST_2478,0.36348116
TEST_2479,0.4713439
TEST_2480,0.3107656
TEST_2481,0.47827825
TEST_2482,0.4576282
TEST_2483,0.24883078
TEST_2484,0.81785893
TEST_2485,0.6564928
TEST_2486,0.23117477
TEST_2487,0.19068228
TEST_2488,0.6562368
TEST_2489,0.41468945
TEST_2490,0.4584594
TEST_2491,0.32900655
TEST_2492,0.23197466
TEST_2493,0.6745849
TEST_2494,0.67341024
TEST_2495,0.40633348
TEST_2496,0.75526243
TEST_2497,0.45780155
TEST_2498,0.8305284
TEST_2499,0.86262125
TEST_2500,0.430584
TEST_2501,0.6679998
TEST_2502,0.61778694
TEST_2503,0.2558146
TEST_2504,0.32264525
TEST_2505,0.7263105
TEST_2506,0.5886539
TEST_2507,0.2698289
TEST_2508,0.72904813
TEST_2509,0.23431723
TEST_2510,0.7007107
TEST_2511,0.38893184
TEST_2512,0.35462052
TEST_2513,0.58135986
TEST_2514,0.38698637
TEST_2515,0.5598687
TEST_2516,0.6836113
TEST_2517,0.53763944
TEST_2518,0.6934955
TEST_2519,0.60408777
TEST_2520,0.42989272
TEST_2521,0.6174586
TEST_2522,0.5755369
TEST_2523,0.6428868
TEST_2524,0.5312425
TEST_2525,0.558808
TEST_2526,0.2113932
TEST_2527,0.4324192
TEST_2528,0.21711263
TEST_2529,0.5678553
TEST_2530,0.85652936
TEST_2531,0.65018606
TEST_2532,0.64263606
TEST_2533,0.78390074
TEST_2534,0.2647585
TEST_2535,0.73778594
TEST_2536,0.42611873
TEST_2537,0.6436236
TEST_2538,0.20662855
TEST_2539,0.28353813
TEST_2540,0.519152
TEST_2541,0.84211767
TEST_2542,0.49906313
TEST_2543,0.43871656
TEST_2544,0.5757327
TEST_2545,0.74048877
TEST_2546,0.18598819
TEST_2547,0.75593394
TEST_2548,0.49790862
TEST_2549,0.5540001
TEST_2550,0.3797637
TEST_2551,0.362813
TEST_2552,0.6575703
TEST_2553,0.44187078
TEST_2554,0.3454226
TEST_2555,0.5172098
TEST_2556,0.46865684
TEST_2557,0.75746155
TEST_2558,0.825981
TEST_2559,0.53733647
TEST_2560,0.2867741
TEST_2561,0.68301934
TEST_2562,0.2915223
TEST_2563,0.45738515
TEST_2564,0.38945234
TEST_2565,0.5441593
TEST_2566,0.4410485
TEST_2567,1.0062445
TEST_2568,0.5515481
TEST_2569,0.5042824
TEST_2570,0.44060963
TEST_2571,0.27582514
TEST_2572,0.8298465
TEST_2573,0.2844743
TEST_2574,0.4828234
TEST_2575,0.49495855
TEST_2576,0.10733459
TEST_2577,0.44517338
TEST_2578,0.38898775
TEST_2579,0.50973225
TEST_2580,0.57437146
TEST_2581,0.47037482
TEST_2582,0.4520784
TEST_2583,0.6554151
TEST_2584,0.20043103
TEST_2585,0.27009004
TEST_2586,0.90463656
TEST_2587,0.22834438
TEST_2588,0.62373155
TEST_2589,0.46914417
TEST_2590,0.8150915
TEST_2591,0.12134846
TEST_2592,0.21512711
TEST_2593,0.20153938
TEST_2594,0.44899094
TEST_2595,0.5091468
TEST_2596,0.41944736
TEST_2597,0.5441685
TEST_2598,0.20835896
TEST_2599,0.36819193
TEST_2600,0.42657566
TEST_2601,0.24312666
TEST_2602,0.6958781
TEST_2603,0.3820311
TEST_2604,0.49368727
TEST_2605,0.55857825
TEST_2606,0.66885734
TEST_2607,0.6077587
TEST_2608,0.79236656
TEST_2609,0.40214002
TEST_2610,0.5851392
TEST_2611,0.3752897
TEST_2612,0.50432336
TEST_2613,0.24705917
TEST_2614,0.5860737
TEST_2615,0.36262193
TEST_2616,0.6466862
TEST_2617,0.47766888
TEST_2618,0.4661626
TEST_2619,0.787702
TEST_2620,0.8193505
TEST_2621,0.23117477
TEST_2622,0.4344716
TEST_2623,0.297975
TEST_2624,0.69095993
TEST_2625,0.41675037
TEST_2626,0.45119053
TEST_2627,0.09873518
TEST_2628,0.487317
TEST_2629,0.5504215
TEST_2630,0.7278733
TEST_2631,0.16766088
TEST_2632,0.7236794
TEST_2633,0.38430163
TEST_2634,0.5488801
TEST_2635,0.23735909
TEST_2636,0.51147133
TEST_2637,0.22922024
TEST_2638,0.52632016
TEST_2639,0.43012586
TEST_2640,0.4341383
TEST_2641,0.7179487
TEST_2642,0.5874913
TEST_2643,0.70922816
TEST_2644,0.47469938
TEST_2645,0.60733896
TEST_2646,0.4872008
TEST_2647,0.41241053
TEST_2648,0.55730575
TEST_2649,0.36620584
TEST_2650,0.5155976
TEST_2651,0.9049565
TEST_2652,0.5362192
TEST_2653,0.50203395
TEST_2654,0.5134646
TEST_2655,0.48792917
TEST_2656,0.56419784
TEST_2657,0.64176923
TEST_2658,0.415373
TEST_2659,0.53768927
TEST_2660,0.51937294
TEST_2661,0.8302751
TEST_2662,0.83577704
TEST_2663,0.6166891
TEST_2664,0.8018722
TEST_2665,0.40825853
TEST_2666,0.41917235
TEST_2667,0.31080064
TEST_2668,0.4017876
TEST_2669,0.6563993
TEST_2670,0.5200951
TEST_2671,0.8875019
TEST_2672,0.85774994
TEST_2673,0.6136582
TEST_2674,0.6043054
TEST_2675,0.27599645
TEST_2676,0.6391738
TEST_2677,0.4372269
TEST_2678,0.845643
TEST_2679,0.14780726
TEST_2680,0.44822034
TEST_2681,0.46794325
TEST_2682,0.6198427
TEST_2683,0.35480586
TEST_2684,0.17380328
TEST_2685,0.84007794
TEST_2686,0.24256869
TEST_2687,0.7286908
TEST_2688,0.8451369
TEST_2689,0.52741796
TEST_2690,0.8343713
TEST_2691,0.77573055
TEST_2692,0.44873026
TEST_2693,0.60514605
TEST_2694,0.15695742
TEST_2695,0.8046855
TEST_2696,0.676925
TEST_2697,0.7614591
TEST_2698,0.17874148
TEST_2699,0.30025128
TEST_2700,0.3891274
TEST_2701,0.53123844
TEST_2702,0.56928056
TEST_2703,0.6048992
TEST_2704,0.7699364
TEST_2705,0.35704723
TEST_2706,0.58132637
TEST_2707,0.57358885
TEST_2708,0.51567674
TEST_2709,0.3608937
TEST_2710,0.655491
TEST_2711,0.86463475
TEST_2712,0.2658352
TEST_2713,0.4785092
TEST_2714,0.5509062
TEST_2715,0.83159685
TEST_2716,0.43641862
TEST_2717,0.33390814
TEST_2718,0.83106554
TEST_2719,0.56004995
TEST_2720,0.34024495
TEST_2721,0.49529943
TEST_2722,0.56402355
TEST_2723,0.73976874
TEST_2724,0.6394437
TEST_2725,0.7010554
TEST_2726,0.74921405
TEST_2727,0.81695646
TEST_2728,0.2217377
TEST_2729,0.9501012
TEST_2730,0.46561423
TEST_2731,0.5110636
TEST_2732,0.57990205
TEST_2733,0.24721597
TEST_2734,0.4139906
TEST_2735,0.43817252
TEST_2736,0.49824935
TEST_2737,0.6776869
TEST_2738,0.30729723
TEST_2739,0.51030684
TEST_2740,0.46774498
TEST_2741,0.42912272
TEST_2742,0.18491398
TEST_2743,0.6704516
TEST_2744,0.5800232
TEST_2745,0.08128388
TEST_2746,0.1562206
TEST_2747,0.6166332
TEST_2748,0.64162445
TEST_2749,0.54548603
TEST_2750,0.43661323
TEST_2751,0.35402772
TEST_2752,0.7542457
TEST_2753,0.2165578
TEST_2754,0.46267375
TEST_2755,0.45718125
TEST_2756,0.3629687
TEST_2757,0.33606988
TEST_2758,0.6573342
TEST_2759,0.5789621
TEST_2760,0.47222888
TEST_2761,0.8877312
TEST_2762,0.39237982
TEST_2763,0.2200319
TEST_2764,0.36779565
TEST_2765,0.36383936
TEST_2766,0.39899817
TEST_2767,0.56036156
TEST_2768,0.49614143
TEST_2769,0.6324698
TEST_2770,0.53461677
TEST_2771,0.36302677
TEST_2772,0.279266
TEST_2773,0.4197121
TEST_2774,0.3205687
TEST_2775,0.3069397
TEST_2776,0.46259773
TEST_2777,0.5760412
TEST_2778,0.37598825
TEST_2779,0.41233882
TEST_2780,0.5497056
TEST_2781,0.38581982
TEST_2782,0.5577625
TEST_2783,0.29157534
TEST_2784,0.5394818
TEST_2785,0.49599504
TEST_2786,0.40182623
TEST_2787,0.3654381
TEST_2788,0.35200638
TEST_2789,0.5198861
TEST_2790,0.44212005
TEST_2791,0.50127804
TEST_2792,0.36685485
TEST_2793,0.37183598
TEST_2794,0.47995806
TEST_2795,0.6134816
TEST_2796,0.87079406
TEST_2797,0.52774274
TEST_2798,0.7353157
TEST_2799,0.40255353
TEST_2800,0.5025789
TEST_2801,0.2948469
TEST_2802,1.008171
TEST_2803,0.6912331
TEST_2804,0.28453317
TEST_2805,0.7483631
TEST_2806,0.39674863
TEST_2807,0.38967478
TEST_2808,0.45162386
TEST_2809,0.43386474
TEST_2810,0.7183433
TEST_2811,0.5221365
TEST_2812,0.55230105
TEST_2813,0.52805346
TEST_2814,0.23176499
TEST_2815,0.41561002
TEST_2816,0.45781392
TEST_2817,0.3492617
TEST_2818,0.24344626
TEST_2819,0.587876
TEST_2820,0.6373546
TEST_2821,0.64761835
TEST_2822,0.1727229
TEST_2823,0.54825336
TEST_2824,0.576692
TEST_2825,0.36083263
TEST_2826,0.22487418
TEST_2827,0.29406828
TEST_2828,0.79491
TEST_2829,0.6715974
TEST_2830,0.69964355
TEST_2831,0.42496696
TEST_2832,0.90662456
TEST_2833,0.49062893
TEST_2834,0.34431586
TEST_2835,0.61482745
TEST_2836,0.5710651
TEST_2837,0.4846831
TEST_2838,0.57691944
TEST_2839,0.3940717
TEST_2840,0.79863584
TEST_2841,0.40928218
TEST_2842,0.17253166
TEST_2843,0.7248935
TEST_2844,0.5730882
TEST_2845,0.32834727
TEST_2846,0.4812455
TEST_2847,0.33069992
TEST_2848,0.7182395
TEST_2849,0.65590644
TEST_2850,0.56109464
TEST_2851,0.30781323
TEST_2852,0.86462533
TEST_2853,0.58180654
TEST_2854,0.47603294
TEST_2855,0.2717824
TEST_2856,0.7473828
TEST_2857,0.26525924
TEST_2858,0.47514626
TEST_2859,0.56072557
TEST_2860,0.6091567
TEST_2861,0.6937049
TEST_2862,0.6779221
TEST_2863,0.48681498
TEST_2864,0.31319672
TEST_2865,0.4242238
TEST_2866,0.56159437
TEST_2867,0.40587878
TEST_2868,0.28730673
TEST_2869,0.62548476
TEST_2870,0.3842508
TEST_2871,0.4658762
TEST_2872,0.23532058
TEST_2873,0.89546156
TEST_2874,0.54305494
TEST_2875,0.3309117
TEST_2876,0.5422704
TEST_2877,0.31346256
TEST_2878,0.489092
TEST_2879,0.7049597
TEST_2880,0.6716883
TEST_2881,0.6297481
TEST_2882,0.8908091
TEST_2883,0.7495757
TEST_2884,0.31240845
TEST_2885,0.50428104
TEST_2886,0.69853306
TEST_2887,0.32224077
TEST_2888,0.41040695
TEST_2889,0.39192912
TEST_2890,0.4097677
TEST_2891,0.2284153
TEST_2892,0.24212508
TEST_2893,0.4726072
TEST_2894,0.6744145
TEST_2895,0.51176274
TEST_2896,0.71772987
TEST_2897,0.333282
TEST_2898,0.3470271
TEST_2899,0.32706457
TEST_2900,0.65510315
TEST_2901,0.6525364
TEST_2902,0.3680546
TEST_2903,0.3777346
TEST_2904,0.42235336
TEST_2905,0.41195345
TEST_2906,0.50340307
TEST_2907,0.30377835
TEST_2908,0.38265023
TEST_2909,0.5133514
TEST_2910,0.81885916
TEST_2911,0.6006489
TEST_2912,0.4765591
TEST_2913,0.59680396
TEST_2914,0.45975888
TEST_2915,0.79923326
TEST_2916,0.5618978
TEST_2917,0.48354796
TEST_2918,0.29884744
TEST_2919,0.33740708
TEST_2920,0.6316938
TEST_2921,0.70706874
TEST_2922,0.5925953
TEST_2923,0.39991355
TEST_2924,0.35942447
TEST_2925,0.82111233
TEST_2926,0.4871448
TEST_2927,0.81105864
TEST_2928,0.28940144
TEST_2929,0.7633499
TEST_2930,0.52301234
TEST_2931,0.5423834
TEST_2932,0.5243366
TEST_2933,0.39517587
TEST_2934,0.51058143
TEST_2935,0.42198288
TEST_2936,0.68236357
TEST_2937,0.5950433
TEST_2938,0.55577606
TEST_2939,0.39615837
TEST_2940,0.29274136
TEST_2941,0.48569295
TEST_2942,0.6902758
TEST_2943,0.30346528
TEST_2944,0.52316105
TEST_2945,0.63228023
TEST_2946,0.89546156
TEST_2947,0.69290656
TEST_2948,0.5211783
TEST_2949,0.69490176
TEST_2950,0.77901405
TEST_2951,0.49966344
TEST_2952,0.7184877
TEST_2953,0.64176697
TEST_2954,0.9983902
TEST_2955,0.3856704
TEST_2956,0.9747726
TEST_2957,0.5818922
TEST_2958,0.36977932
TEST_2959,0.7809318
TEST_2960,0.55891246
TEST_2961,0.756847
TEST_2962,0.4409153
TEST_2963,0.67259836
TEST_2964,0.43467888
TEST_2965,0.37643015
TEST_2966,0.6449343
TEST_2967,0.46208212
TEST_2968,0.2585921
TEST_2969,0.51173973
TEST_2970,0.76914656
TEST_2971,0.9025806
TEST_2972,0.534018
TEST_2973,0.7641841
TEST_2974,0.6946951
TEST_2975,0.74766564
TEST_2976,0.49224946
TEST_2977,0.60079986
TEST_2978,0.41766617
TEST_2979,0.6423085
TEST_2980,0.5086059
TEST_2981,0.49986187
TEST_2982,0.48093036
TEST_2983,0.7583088
TEST_2984,0.37994522
TEST_2985,0.4263259
TEST_2986,0.7533164
TEST_2987,0.7271535
TEST_2988,0.73534966
TEST_2989,0.56224626
TEST_2990,0.7484149
TEST_2991,0.61558586
TEST_2992,0.2569768
TEST_2993,0.5102745
TEST_2994,0.5415164
TEST_2995,0.5102855
TEST_2996,0.79190075
TEST_2997,0.47578362
TEST_2998,0.6559674
TEST_2999,0.5792083
